Address,Time Arrived, Time Departed, Age, First Name, Last Name
Philippines,11:49 pm,,,,
Philippines,11:49 pm,,,,
Philippines,11:49 pm,,,,
Philippines,11:56 p.m.,3:00 a.m.,17,Jericho,guanga
,,,,,
Philippines,12:00 a.m.,3:00 a.m.,17,Jericho,guanga
Philippines,12:00 a.m.,3:00 a.m.,17,Jericho,guanga
Philippines,12:00 a.m.,3:00 a.m.,17,Jericho,guanga
Philippines,12:00 a.m.,3:00 a.m.,17,Jericho,guanga
Philippines,12:00 a.m.,3:00 a.m.,17,Jericho,guanga
Philippines,12:00 a.m.,3:00 a.m.,17,Jericho,guanga
Philippines,12:00 a.m.,3:00 a.m.,17,Jericho,guanga
Philippines,12:00 a.m.,3:00 a.m.,17,Jericho,guanga
Philippines,12:00 a.m.,3:00 a.m.,17,Jericho,guanga
Philippines,12:00 a.m.,3:00 a.m.,17,Jericho,guanga
Philippines,12:00 a.m.,3:00 a.m.,17,Jericho,guanga
Philippines,12:00 a.m.,3:00 a.m.,17,Jericho,guanga
Philippines,12:00 a.m.,3:00 a.m.,17,Jericho,guanga
Philippines,12:00 a.m.,3:00 a.m.,17,Jericho,guanga
Philippines,12:00 a.m.,3:00 a.m.,17,Jericho,guanga
Philippines,12:00 a.m.,3:00 a.m.,17,Jericho,guanga
Philippines,12:00 a.m.,3:00 a.m.,17,Jericho,guanga
Philippines,12:00 a.m.,3:00 a.m.,17,Jericho,guanga
Philippines,12:00 a.m.,3:30 a.m.,17 years old,Jericho,guanga
